Wall time,Step,Value
1608287377.4457686,0,0.65625
1608287396.4317956,100,0.890625
1608287415.517433,200,0.90625
1608287434.5700288,300,0.921875
1608287453.869424,400,0.953125
1608287497.6971154,500,1.0
1608287541.6742663,600,1.0
1608287585.6595013,700,1.0
1608287629.8558893,800,1.0
1608287674.1405823,900,1.0
