Wall time,Step,Value
1608408019.25669,0,0.0002576335391495377
1608408027.4077513,100,0.009786230511963367
1608408035.3492887,200,0.0006288612494245172
1608408043.545093,300,0.00023228862846735865
1608408051.7907064,400,3.833757364191115e-05
1608408062.9062536,500,6.183923346725351e-07
1608408074.009437,600,6.891767867500675e-08
1608408085.1639302,700,4.656612428988183e-09
