Wall time,Step,Value
1608408019.2568605,0,1.0
1608408027.4078932,100,0.9921875
1608408035.3494236,200,1.0
1608408043.545236,300,1.0
1608408051.7908425,400,1.0
1608408062.90639,500,1.0
1608408074.009588,600,1.0
1608408085.1640954,700,1.0
