Wall time,Step,Value
1608287377.445628,0,1.184004306793213
1608287396.4316401,100,0.22266530990600586
1608287415.5172775,200,0.23944130539894104
1608287434.5698853,300,0.14583320915699005
1608287453.869283,400,0.09434666484594345
1608287497.6969657,500,0.00029602067661471665
1608287541.6740959,600,3.855883187497966e-05
1608287585.6593497,700,1.451149546483066e-05
1608287629.8557396,800,1.4380989341589157e-05
1608287674.1404374,900,5.51517223357223e-06
